customer_id,subscription_start,subscription_expiration,total_session_time,num_sessions,num_support_interactions,subscription_length_days,last_activity,churned
1,2023-01-23,2023-04-02,1546,43,4,69,2023-03-05,1
2,2023-01-30,2023-03-23,1869,30,2,52,2023-02-05,1
3,2023-01-25,2023-03-12,1775,39,4,46,2023-03-05,0
4,2023-01-23,2023-04-19,2785,57,7,86,2023-02-04,0
5,2023-01-28,2023-04-27,1379,45,2,89,2023-03-29,0
6,2023-01-13,2023-04-01,2043,22,6,78,2023-03-09,0
7,2023-01-17,2023-03-12,1513,33,6,54,2023-01-28,0
8,2023-01-07,2023-02-25,1560,24,4,49,2023-02-04,1
9,2023-01-09,2023-01-20,2575,60,0,11,2023-01-18,0
10,2023-01-29,2023-03-30,2539,22,3,60,2023-02-21,0
11,2023-01-11,2023-03-27,2475,49,5,75,2023-01-11,0
12,2023-01-30,2023-03-14,2266,26,3,43,2023-03-02,1
13,2023-01-31,2023-04-10,2918,39,2,69,2023-03-04,1
14,2023-01-26,2023-02-22,1170,59,6,27,2023-02-07,1
15,2023-01-06,2023-03-19,2578,47,4,72,2023-03-01,0
16,2023-01-21,2023-03-23,865,34,7,61,2023-02-15,1
17,2023-01-26,2023-02-15,1728,20,1,20,2023-02-02,0
18,2023-01-12,2023-02-22,1131,34,6,41,2023-01-12,1
19,2023-01-31,2023-02-12,978,36,3,12,2023-02-06,1
20,2023-01-31,2023-05-01,2915,60,5,90,2023-02-26,1
21,2023-01-17,2023-03-19,1328,25,0,61,2023-02-23,0
22,2023-01-28,2023-04-03,2861,39,2,65,2023-02-28,0
23,2023-01-16,2023-03-19,1511,28,7,62,2023-02-27,1
24,2023-01-17,2023-03-01,1957,33,3,43,2023-02-13,1
25,2023-01-04,2023-01-16,2212,19,1,12,2023-01-04,1
26,2023-01-11,2023-02-09,2519,38,0,29,2023-02-09,0
27,2023-01-27,2023-04-19,1775,54,3,82,2023-02-12,0
28,2023-01-29,2023-03-05,2412,60,7,35,2023-02-12,0
29,2023-01-07,2023-01-19,2269,36,2,12,2023-01-14,1
30,2023-01-23,2023-03-05,2036,33,4,41,2023-01-26,0
31,2023-01-29,2023-04-19,2593,60,1,80,2023-02-23,1
32,2023-01-05,2023-03-27,1329,44,0,81,2023-03-19,0
33,2023-01-29,2023-02-03,1355,18,7,5,2023-02-03,1
34,2023-01-07,2023-02-12,1354,39,6,36,2023-02-07,0
35,2023-01-19,2023-04-14,2098,55,3,85,2023-01-22,0
36,2023-01-18,2023-03-05,2019,15,4,46,2023-02-22,1
37,2023-01-01,2023-03-12,2110,35,7,70,2023-02-15,0
38,2023-01-12,2023-02-06,1787,35,7,25,2023-01-30,0
39,2023-01-31,2023-03-23,2034,59,3,51,2023-03-19,1
40,2023-01-05,2023-02-10,890,42,0,36,2023-01-22,1
41,2023-01-17,2023-02-19,1749,34,6,33,2023-02-06,1
42,2023-01-25,2023-02-03,2712,44,6,9,2023-01-28,1
43,2023-01-18,2023-02-17,1077,17,2,30,2023-01-19,0
44,2023-01-03,2023-03-25,913,21,1,81,2023-03-19,1
45,2023-01-20,2023-02-10,1275,60,7,21,2023-01-30,0
46,2023-01-30,2023-03-04,1235,31,3,33,2023-02-01,0
47,2023-01-04,2023-04-04,875,58,1,90,2023-01-27,1
48,2023-01-20,2023-02-21,2369,57,7,32,2023-01-23,0
49,2023-01-29,2023-02-26,1485,45,7,28,2023-02-24,1
50,2023-01-13,2023-02-18,1910,27,1,36,2023-01-23,1
51,2023-01-15,2023-03-15,1841,46,2,59,2023-01-17,1
52,2023-01-30,2023-03-01,1007,38,4,30,2023-02-15,0
53,2023-02-01,2023-04-18,1535,55,5,76,2023-02-13,1
54,2023-01-30,2023-02-17,1068,38,2,18,2023-02-16,0
55,2023-01-23,2023-03-26,2632,16,2,62,2023-03-17,0
56,2023-01-23,2023-02-27,1359,38,4,35,2023-01-26,0
57,2023-01-05,2023-02-10,1368,47,5,36,2023-01-21,0
58,2023-01-07,2023-04-06,2907,40,6,89,2023-03-27,1
59,2023-02-01,2023-02-16,2715,20,4,15,2023-02-01,0
60,2023-01-02,2023-01-04,1122,58,5,2,2023-01-04,1
61,2023-02-01,2023-03-01,1281,39,2,28,2023-02-08,1
62,2023-01-14,2023-03-06,2757,18,0,51,2023-02-24,1
63,2023-01-26,2023-03-08,1448,39,3,41,2023-02-08,0
64,2023-01-28,2023-04-01,1865,48,3,63,2023-02-08,0
65,2023-01-18,2023-02-13,2506,48,7,26,2023-01-21,0
66,2023-01-03,2023-02-24,2917,40,7,52,2023-02-20,0
67,2023-01-21,2023-03-22,1067,53,7,60,2023-02-22,1
68,2023-01-24,2023-03-06,2401,30,0,41,2023-02-27,0
69,2023-01-28,2023-02-03,1701,59,7,6,2023-01-31,0
70,2023-01-06,2023-01-31,1336,58,0,25,2023-01-08,0
71,2023-01-29,2023-02-19,2079,21,7,21,2023-02-16,1
72,2023-01-18,2023-04-12,2168,26,0,84,2023-02-15,0
73,2023-01-24,2023-02-06,1327,56,1,13,2023-02-01,1
74,2023-01-09,2023-03-07,2707,59,4,57,2023-02-21,0
75,2023-01-06,2023-02-28,2774,29,1,53,2023-01-07,0
76,2023-01-19,2023-04-03,1261,42,1,74,2023-03-04,1
77,2023-01-17,2023-03-17,1826,59,7,59,2023-03-12,1
78,2023-01-28,2023-04-22,2538,44,3,84,2023-02-14,0
79,2023-01-17,2023-04-15,2831,36,1,88,2023-03-10,0
80,2023-01-24,2023-03-11,2592,46,1,46,2023-01-29,0
81,2023-01-29,2023-02-04,857,57,7,6,2023-01-30,1
82,2023-01-16,2023-02-16,1482,45,3,31,2023-01-28,0
83,2023-01-31,2023-03-11,2985,27,1,39,2023-03-08,1
84,2023-01-08,2023-02-10,2560,26,1,33,2023-01-30,0
85,2023-01-31,2023-03-11,1587,26,1,39,2023-02-26,1
86,2023-01-21,2023-02-17,2637,52,1,27,2023-02-17,0
87,2023-01-24,2023-04-24,1145,40,0,90,2023-04-22,1
88,2023-01-18,2023-03-18,1300,60,3,59,2023-02-25,0
89,2023-01-07,2023-03-29,829,26,0,81,2023-03-16,1
90,2023-01-14,2023-03-12,2206,60,4,57,2023-03-03,1
91,2023-01-24,2023-02-27,1139,52,2,34,2023-02-18,0
92,2023-01-10,2023-01-28,1168,35,4,18,2023-01-27,1
93,2023-01-26,2023-01-28,2398,54,2,2,2023-01-26,0
94,2023-01-29,2023-04-21,2215,38,5,82,2023-02-13,1
95,2023-01-11,2023-03-15,1951,19,5,63,2023-03-03,1
96,2023-01-05,2023-03-13,2523,45,0,67,2023-02-06,0
97,2023-01-05,2023-03-14,1723,20,2,68,2023-01-05,1
98,2023-01-27,2023-03-17,2243,38,2,49,2023-02-10,0
99,2023-01-15,2023-03-21,2388,39,3,65,2023-03-16,1
100,2023-01-01,2023-02-06,1115,21,7,36,2023-02-03,1
101,2023-01-16,2023-01-27,2247,28,6,11,2023-01-22,1
102,2023-01-17,2023-03-27,1997,50,6,69,2023-02-05,0
103,2023-01-26,2023-03-29,1907,45,0,62,2023-02-27,0
104,2023-01-21,2023-01-28,2355,44,0,7,2023-01-23,0
105,2023-01-16,2023-04-01,2545,27,2,75,2023-03-20,0
106,2023-01-05,2023-02-21,2467,54,3,47,2023-02-08,0
107,2023-01-23,2023-01-29,970,44,0,6,2023-01-26,0
108,2023-01-24,2023-03-19,1384,16,7,54,2023-02-04,1
109,2023-01-06,2023-02-07,1562,47,5,32,2023-01-26,1
110,2023-01-20,2023-04-02,1526,45,2,72,2023-01-31,0
111,2023-01-12,2023-03-21,1333,55,7,68,2023-02-10,1
112,2023-01-07,2023-03-14,2753,51,6,66,2023-03-04,0
113,2023-01-22,2023-04-03,1879,33,1,71,2023-02-01,1
114,2023-01-25,2023-04-09,2039,27,1,74,2023-02-21,0
115,2023-01-04,2023-02-02,2687,38,0,29,2023-01-29,0
116,2023-01-12,2023-03-12,1596,53,0,59,2023-01-31,0
117,2023-01-07,2023-02-17,2115,33,7,41,2023-02-05,0
118,2023-01-20,2023-03-17,2582,23,0,56,2023-02-04,0
119,2023-01-16,2023-01-27,896,28,6,11,2023-01-23,1
120,2023-01-14,2023-02-03,1761,48,2,20,2023-01-20,1
121,2023-01-16,2023-03-20,2785,24,5,63,2023-03-13,1
122,2023-01-05,2023-02-22,2658,21,4,48,2023-01-25,1
123,2023-02-01,2023-03-08,885,45,1,35,2023-02-04,1
124,2023-01-30,2023-03-27,2048,27,7,56,2023-02-18,1
125,2023-01-07,2023-04-01,2902,45,4,84,2023-02-12,0
126,2023-01-24,2023-03-24,2526,24,1,59,2023-03-24,0
127,2023-01-27,2023-03-07,2254,18,1,39,2023-02-18,0
128,2023-01-27,2023-03-28,1314,30,2,60,2023-03-10,0
129,2023-01-30,2023-02-10,2209,46,4,11,2023-02-06,0
130,2023-01-05,2023-02-10,1992,16,6,36,2023-01-07,1
131,2023-01-12,2023-03-30,2617,29,3,77,2023-03-26,0
132,2023-01-13,2023-02-10,2868,60,4,28,2023-01-20,0
133,2023-01-27,2023-03-22,2498,35,0,54,2023-02-27,0
134,2023-01-30,2023-02-12,1764,58,7,13,2023-02-05,0
135,2023-01-30,2023-02-10,1543,16,1,11,2023-01-31,1
136,2023-01-24,2023-02-11,2603,18,4,18,2023-01-27,0
137,2023-01-29,2023-02-15,2124,37,6,17,2023-02-05,0
138,2023-01-29,2023-04-05,2130,38,2,66,2023-04-01,0
139,2023-01-03,2023-01-06,1812,45,5,3,2023-01-05,1
140,2023-01-08,2023-01-27,2628,48,1,19,2023-01-21,0
141,2023-01-13,2023-03-14,2867,41,7,60,2023-03-13,0
142,2023-01-29,2023-02-27,1866,41,3,29,2023-02-07,1
143,2023-01-14,2023-02-22,2012,60,7,39,2023-02-06,0
144,2023-01-21,2023-02-14,959,17,6,24,2023-01-21,1
145,2023-01-02,2023-02-04,2319,40,7,33,2023-01-17,1
146,2023-01-28,2023-02-27,1454,35,1,30,2023-02-23,0
147,2023-01-22,2023-04-18,1972,53,5,86,2023-02-21,1
148,2023-01-24,2023-03-03,1385,56,2,38,2023-02-05,1
149,2023-01-24,2023-03-14,2000,53,7,49,2023-03-08,1
150,2023-01-10,2023-01-29,1247,35,1,19,2023-01-23,1
151,2023-01-11,2023-04-08,2316,56,6,87,2023-02-27,0
152,2023-01-10,2023-04-08,1786,41,7,88,2023-01-17,0
153,2023-01-02,2023-01-07,2437,18,4,5,2023-01-05,0
154,2023-01-08,2023-03-08,1880,48,4,59,2023-02-09,0
155,2023-01-11,2023-02-17,2421,48,3,37,2023-02-02,1
156,2023-01-30,2023-02-13,2327,36,3,14,2023-02-05,0
157,2023-01-15,2023-02-27,1751,46,7,43,2023-01-26,0
158,2023-01-12,2023-03-28,1802,43,1,75,2023-03-24,0
159,2023-01-05,2023-01-28,1237,50,6,23,2023-01-24,1
160,2023-01-31,2023-03-01,2005,30,3,29,2023-02-12,0
161,2023-01-23,2023-02-01,2787,35,7,9,2023-01-24,1
162,2023-01-20,2023-01-23,988,57,7,3,2023-01-23,1
163,2023-01-16,2023-02-27,1532,41,1,42,2023-02-23,0
164,2023-01-17,2023-03-22,2926,46,7,64,2023-01-24,1
165,2023-01-12,2023-01-26,1061,53,5,14,2023-01-22,1
166,2023-01-08,2023-03-03,1752,21,4,54,2023-02-06,1
167,2023-01-21,2023-03-08,1067,44,2,46,2023-02-07,0
168,2023-01-20,2023-03-22,2953,25,0,61,2023-02-08,1
169,2023-01-06,2023-01-22,2598,38,0,16,2023-01-10,1
170,2023-01-03,2023-03-01,2003,31,3,57,2023-02-04,0
171,2023-01-05,2023-02-17,1123,27,7,43,2023-02-08,0
172,2023-01-04,2023-03-15,1410,35,0,70,2023-02-20,0
173,2023-01-09,2023-03-15,2103,32,2,65,2023-02-15,0
174,2023-01-14,2023-01-21,2391,23,1,7,2023-01-14,0
175,2023-01-10,2023-04-01,2299,42,4,81,2023-03-24,1
176,2023-01-07,2023-03-06,2422,55,6,58,2023-02-14,0
177,2023-01-28,2023-02-16,1434,20,6,19,2023-02-05,1
178,2023-01-16,2023-02-17,2769,18,6,32,2023-02-04,0
179,2023-01-03,2023-03-26,2007,23,6,82,2023-02-22,1
180,2023-01-30,2023-02-04,1590,18,5,5,2023-02-03,1
181,2023-01-07,2023-03-28,1618,56,6,80,2023-02-27,1
182,2023-01-29,2023-04-23,2192,27,0,84,2023-04-22,1
183,2023-01-14,2023-03-19,1691,51,6,64,2023-02-27,0
184,2023-02-01,2023-04-23,1197,25,7,81,2023-04-07,1
185,2023-01-30,2023-03-18,2021,36,4,47,2023-02-05,0
186,2023-01-03,2023-02-11,1644,48,3,39,2023-01-15,1
187,2023-01-03,2023-03-10,1817,45,5,66,2023-01-14,0
188,2023-01-31,2023-04-12,2232,31,3,71,2023-03-23,1
189,2023-01-10,2023-02-18,1238,52,4,39,2023-01-10,1
190,2023-01-30,2023-04-21,1896,37,1,81,2023-03-02,0
191,2023-01-30,2023-02-07,2850,22,5,8,2023-01-31,1
192,2023-01-14,2023-01-22,2080,19,3,8,2023-01-20,0
193,2023-01-25,2023-03-02,820,54,7,36,2023-02-21,1
194,2023-01-31,2023-01-31,2879,30,7,0,2023-01-31,1
195,2023-01-11,2023-01-13,2948,52,5,2,2023-01-12,1
196,2023-01-15,2023-03-08,1767,15,0,52,2023-01-24,1
197,2023-01-24,2023-04-20,1608,18,0,86,2023-02-12,1
198,2023-01-17,2023-01-26,824,34,4,9,2023-01-20,1
199,2023-01-20,2023-03-26,2425,60,1,65,2023-02-12,0
200,2023-01-29,2023-03-03,1319,30,2,33,2023-02-09,0
201,2023-01-21,2023-02-06,979,23,7,16,2023-02-05,1
202,2023-01-16,2023-03-22,1823,54,7,65,2023-01-16,1
203,2023-01-27,2023-02-17,2168,32,6,21,2023-01-28,1
204,2023-01-25,2023-04-02,1080,21,6,67,2023-03-11,0
205,2023-01-04,2023-02-16,2297,45,5,43,2023-02-15,1
206,2023-01-21,2023-02-02,898,42,2,12,2023-02-02,0
207,2023-01-03,2023-02-09,2297,49,4,37,2023-02-01,1
208,2023-01-31,2023-04-21,1064,21,2,80,2023-02-01,0
209,2023-01-13,2023-03-18,2779,22,5,64,2023-03-02,1
210,2023-01-12,2023-03-09,2348,45,4,56,2023-02-12,0
211,2023-01-29,2023-03-03,2076,52,7,33,2023-02-21,1
212,2023-01-02,2023-03-17,938,31,4,74,2023-02-07,1
213,2023-01-21,2023-02-01,2542,36,5,11,2023-01-28,1
214,2023-01-12,2023-04-09,2047,43,6,87,2023-02-24,0
215,2023-01-26,2023-02-10,2092,47,3,15,2023-02-10,1
216,2023-01-08,2023-01-30,1664,22,5,22,2023-01-24,1
217,2023-01-23,2023-04-02,2929,55,3,69,2023-02-18,0
218,2023-01-17,2023-01-25,2932,21,5,8,2023-01-17,1
219,2023-01-31,2023-04-12,1275,16,7,71,2023-03-23,0
220,2023-01-04,2023-02-01,2238,43,2,28,2023-01-12,1
221,2023-01-21,2023-02-19,1847,17,4,29,2023-02-04,1
222,2023-01-29,2023-03-11,979,54,0,41,2023-02-07,1
223,2023-01-19,2023-03-23,1620,50,3,63,2023-03-16,0
224,2023-01-27,2023-04-03,1633,27,5,66,2023-02-05,0
225,2023-01-29,2023-04-11,1873,39,3,72,2023-02-22,0
226,2023-01-24,2023-03-29,2803,20,3,64,2023-01-31,1
227,2023-01-05,2023-02-24,2770,43,1,50,2023-01-13,1
228,2023-01-05,2023-01-23,1356,45,1,18,2023-01-14,0
229,2023-01-17,2023-03-14,1869,51,0,56,2023-02-18,0
230,2023-01-23,2023-03-17,1086,35,0,53,2023-02-23,1
231,2023-01-13,2023-01-25,2621,15,5,12,2023-01-13,0
232,2023-01-14,2023-04-13,2464,32,0,89,2023-03-06,0
233,2023-01-02,2023-02-11,2830,36,0,40,2023-01-13,1
234,2023-01-13,2023-03-28,1539,18,7,74,2023-03-07,1
235,2023-02-01,2023-02-15,2307,38,1,14,2023-02-15,0
236,2023-01-25,2023-03-27,1187,23,2,61,2023-03-11,1
237,2023-01-06,2023-01-09,928,18,4,3,2023-01-07,1
238,2023-01-24,2023-03-07,2843,26,4,42,2023-02-19,1
239,2023-01-04,2023-02-01,1062,33,3,28,2023-01-29,0
240,2023-01-16,2023-03-27,1344,47,7,70,2023-01-22,0
241,2023-01-03,2023-02-14,1115,60,5,42,2023-01-16,0
242,2023-01-01,2023-02-10,1533,27,0,40,2023-01-20,0
243,2023-01-30,2023-04-27,2279,23,6,87,2023-03-01,1
244,2023-01-03,2023-03-01,869,25,5,57,2023-01-15,1
245,2023-01-18,2023-01-31,1582,46,4,13,2023-01-30,0
246,2023-01-22,2023-02-16,1844,47,1,25,2023-01-28,0
247,2023-01-25,2023-03-26,2966,52,3,60,2023-03-02,0
248,2023-01-10,2023-03-14,1734,16,7,63,2023-02-11,1
249,2023-01-26,2023-03-08,1785,24,7,41,2023-03-03,1
250,2023-01-28,2023-01-30,1988,60,7,2,2023-01-29,1
251,2023-01-17,2023-03-27,981,33,3,69,2023-01-19,1
252,2023-01-25,2023-02-18,1529,30,1,24,2023-01-25,1
253,2023-01-29,2023-02-12,2521,21,7,14,2023-02-02,1
254,2023-01-27,2023-03-31,2341,15,5,63,2023-03-26,1
255,2023-01-20,2023-01-25,1283,20,7,5,2023-01-24,1
256,2023-01-12,2023-03-04,1050,19,4,51,2023-02-11,1
257,2023-01-30,2023-03-15,2178,41,4,44,2023-03-05,0
258,2023-01-09,2023-03-23,2943,53,2,73,2023-01-28,1
259,2023-02-01,2023-02-17,1485,25,5,16,2023-02-17,1
260,2023-01-13,2023-01-23,1437,56,7,10,2023-01-14,0
261,2023-01-15,2023-03-11,1249,34,5,55,2023-03-08,1
262,2023-01-28,2023-02-02,2368,57,2,5,2023-01-29,0
263,2023-01-22,2023-03-17,2059,19,6,54,2023-01-25,0
264,2023-01-03,2023-02-28,2516,39,0,56,2023-01-22,0
265,2023-01-14,2023-04-14,1868,36,5,90,2023-03-12,1
266,2023-01-24,2023-02-04,2009,29,6,11,2023-02-02,0
267,2023-01-10,2023-02-07,1754,54,7,28,2023-02-03,1
268,2023-01-05,2023-02-03,1862,26,2,29,2023-01-18,0
269,2023-01-03,2023-03-03,2130,40,3,59,2023-01-14,1
270,2023-01-25,2023-03-27,2846,41,2,61,2023-03-24,1
271,2023-01-09,2023-01-22,1271,35,2,13,2023-01-10,1
272,2023-01-28,2023-04-11,2013,43,1,73,2023-03-23,1
273,2023-01-05,2023-02-18,1631,60,3,44,2023-02-12,0
274,2023-01-02,2023-01-08,1407,21,2,6,2023-01-08,1
275,2023-01-15,2023-02-19,2784,48,1,35,2023-01-22,0
276,2023-01-25,2023-03-28,2039,51,3,62,2023-02-15,1
277,2023-01-12,2023-04-04,1527,18,2,82,2023-04-03,0
278,2023-01-04,2023-03-08,2127,24,4,63,2023-01-14,0
279,2023-01-13,2023-04-10,1167,37,6,87,2023-02-09,0
280,2023-01-14,2023-03-07,1632,60,6,52,2023-02-11,0
281,2023-01-07,2023-01-23,1479,23,3,16,2023-01-19,1
282,2023-01-19,2023-03-01,1772,37,4,41,2023-02-06,0
283,2023-01-11,2023-02-10,2278,40,4,30,2023-02-09,0
284,2023-01-14,2023-04-07,812,40,2,83,2023-02-10,0
285,2023-01-15,2023-01-15,1546,59,0,0,2023-01-15,1
286,2023-01-28,2023-03-20,2254,54,5,51,2023-03-13,0
287,2023-01-10,2023-02-23,1852,32,3,44,2023-02-14,0
288,2023-01-29,2023-02-17,2238,30,5,19,2023-02-08,1
289,2023-01-02,2023-01-27,2182,17,0,25,2023-01-02,0
290,2023-01-27,2023-02-04,992,17,1,8,2023-01-27,1
291,2023-01-22,2023-02-04,1425,21,3,13,2023-01-28,1
292,2023-01-07,2023-03-04,2583,56,0,56,2023-01-21,0
293,2023-01-04,2023-02-25,2394,25,7,52,2023-02-16,1
294,2023-01-16,2023-02-11,1257,46,7,26,2023-02-09,0
295,2023-01-23,2023-03-27,1123,17,1,63,2023-01-31,1
296,2023-01-29,2023-02-04,2806,52,7,6,2023-02-03,1
297,2023-01-10,2023-02-08,2991,51,4,29,2023-01-22,0
298,2023-01-19,2023-01-24,1543,57,7,5,2023-01-23,1
299,2023-01-10,2023-02-12,2832,18,3,33,2023-02-12,1
300,2023-01-11,2023-02-12,1206,34,7,32,2023-02-08,1
301,2023-01-23,2023-03-09,1293,15,3,45,2023-01-26,0
302,2023-01-28,2023-02-09,1368,56,7,12,2023-02-06,0
303,2023-01-13,2023-03-09,2475,47,4,55,2023-01-18,0
304,2023-01-13,2023-04-12,2477,18,6,89,2023-04-07,1
305,2023-01-03,2023-01-23,882,27,4,20,2023-01-03,0
306,2023-01-10,2023-03-30,1961,42,1,79,2023-03-12,0
307,2023-01-02,2023-03-31,1904,30,3,88,2023-03-17,0
308,2023-01-21,2023-03-16,2981,27,4,54,2023-02-19,0
309,2023-01-08,2023-02-12,925,41,7,35,2023-01-21,1
310,2023-01-10,2023-03-13,1081,18,5,62,2023-03-06,1
311,2023-01-11,2023-03-08,2527,49,5,56,2023-01-31,0
312,2023-01-29,2023-03-26,1562,45,2,56,2023-02-27,1
313,2023-01-01,2023-01-10,2049,42,4,9,2023-01-01,0
314,2023-01-05,2023-03-21,2516,20,4,75,2023-01-06,1
315,2023-01-17,2023-01-29,1751,28,1,12,2023-01-17,1
316,2023-01-20,2023-03-28,1667,24,5,67,2023-01-21,1
317,2023-01-30,2023-04-15,979,45,7,75,2023-02-14,1
318,2023-01-18,2023-03-03,2419,56,7,44,2023-01-23,1
319,2023-01-24,2023-03-08,1137,58,4,43,2023-03-06,1
320,2023-01-27,2023-02-04,1520,17,6,8,2023-02-04,1
321,2023-01-14,2023-02-25,2533,58,0,42,2023-02-19,1
322,2023-01-10,2023-03-13,1229,54,0,62,2023-02-19,0
323,2023-01-20,2023-02-15,1066,53,4,26,2023-02-10,1
324,2023-01-18,2023-03-16,2438,45,0,57,2023-02-27,0
325,2023-01-05,2023-02-15,1043,52,2,41,2023-01-18,0
326,2023-01-05,2023-01-16,2096,31,0,11,2023-01-15,0
327,2023-01-26,2023-02-28,1116,30,3,33,2023-02-27,0
328,2023-01-27,2023-01-31,2476,53,3,4,2023-01-29,0
329,2023-01-29,2023-02-26,2022,58,5,28,2023-02-10,0
330,2023-01-14,2023-04-07,1312,19,3,83,2023-03-23,1
331,2023-01-24,2023-03-09,1242,35,2,44,2023-02-19,0
332,2023-01-18,2023-03-09,2942,56,0,50,2023-03-01,1
333,2023-01-23,2023-02-26,1667,23,1,34,2023-02-19,1
334,2023-01-15,2023-03-08,1758,16,0,52,2023-03-06,1
335,2023-01-09,2023-03-30,1846,28,5,80,2023-01-30,1
336,2023-01-27,2023-02-03,1242,41,4,7,2023-01-28,1
337,2023-01-15,2023-02-12,863,51,2,28,2023-01-19,1
338,2023-01-01,2023-02-25,874,25,7,55,2023-02-22,1
339,2023-01-04,2023-01-29,1894,24,2,25,2023-01-18,0
340,2023-01-13,2023-03-02,1397,52,6,48,2023-02-09,1
341,2023-01-20,2023-02-19,2871,27,5,30,2023-02-13,0
342,2023-01-05,2023-01-18,2475,50,7,13,2023-01-07,1
343,2023-01-21,2023-04-12,2937,47,1,81,2023-01-29,0
344,2023-01-14,2023-02-08,1696,57,2,25,2023-01-21,0
345,2023-01-08,2023-02-02,1399,16,1,25,2023-02-01,1
346,2023-01-28,2023-04-03,1129,15,1,65,2023-02-01,1
347,2023-01-16,2023-01-18,2756,28,7,2,2023-01-16,0
348,2023-01-31,2023-03-18,1468,18,1,46,2023-02-03,1
349,2023-01-03,2023-01-04,2483,34,1,1,2023-01-03,0
350,2023-01-15,2023-03-22,1384,58,1,66,2023-02-25,1
351,2023-01-22,2023-02-02,1988,37,6,11,2023-01-28,1
352,2023-01-19,2023-04-08,1473,43,2,79,2023-03-31,1
353,2023-01-31,2023-02-18,2477,17,2,18,2023-02-01,0
354,2023-01-18,2023-01-27,2442,48,4,9,2023-01-18,1
355,2023-01-19,2023-03-25,1098,36,5,65,2023-03-20,0
356,2023-01-23,2023-04-06,2863,34,6,73,2023-03-05,1
357,2023-01-08,2023-01-30,2007,44,3,22,2023-01-20,0
358,2023-01-29,2023-04-25,1230,54,1,86,2023-04-13,0
359,2023-01-30,2023-03-21,1925,50,1,50,2023-02-07,0
360,2023-01-26,2023-02-07,2922,15,7,12,2023-02-06,1
361,2023-01-23,2023-04-11,2906,19,2,78,2023-02-28,0
362,2023-01-12,2023-03-11,2763,45,7,58,2023-02-26,0
363,2023-01-21,2023-01-29,2412,37,1,8,2023-01-27,0
364,2023-01-19,2023-02-11,1776,48,0,23,2023-01-31,1
365,2023-01-05,2023-02-13,2316,60,1,39,2023-01-05,0
366,2023-01-12,2023-03-24,2056,41,0,71,2023-01-21,0
367,2023-01-30,2023-04-16,1569,52,6,76,2023-03-24,0
368,2023-01-24,2023-02-23,2800,51,0,30,2023-02-23,0
369,2023-01-15,2023-04-06,1365,48,1,81,2023-02-17,1
370,2023-01-21,2023-02-11,964,44,4,21,2023-02-04,1
371,2023-01-22,2023-02-10,1291,36,6,19,2023-01-24,0
372,2023-01-24,2023-02-21,2747,47,3,28,2023-01-28,0
373,2023-01-09,2023-03-27,806,21,1,77,2023-01-19,1
374,2023-01-24,2023-03-20,1227,15,7,55,2023-01-27,1
375,2023-01-03,2023-01-10,2457,29,6,7,2023-01-07,0
376,2023-01-12,2023-03-14,1641,23,5,61,2023-01-12,0
377,2023-01-06,2023-02-23,2544,33,7,48,2023-02-12,0
378,2023-01-13,2023-03-19,2020,29,2,65,2023-02-28,1
379,2023-01-22,2023-03-10,1368,25,5,47,2023-01-27,0
380,2023-01-15,2023-03-21,2977,34,1,65,2023-02-18,0
381,2023-01-15,2023-04-12,1362,24,4,87,2023-02-09,1
382,2023-01-20,2023-03-15,1315,51,7,54,2023-01-23,1
383,2023-01-17,2023-04-15,1111,54,3,88,2023-02-26,0
384,2023-01-21,2023-04-05,1595,58,1,74,2023-03-09,1
385,2023-01-13,2023-03-05,2359,25,7,51,2023-02-13,0
386,2023-01-26,2023-04-15,2667,35,2,79,2023-03-22,0
387,2023-01-03,2023-03-24,2428,36,1,80,2023-02-19,1
388,2023-01-27,2023-03-18,1089,23,0,50,2023-02-27,1
389,2023-01-09,2023-03-11,1463,24,2,61,2023-02-09,0
390,2023-01-31,2023-02-07,2071,32,2,7,2023-01-31,1
391,2023-01-30,2023-03-23,2031,60,2,52,2023-02-03,1
392,2023-01-30,2023-04-04,2585,32,7,64,2023-02-26,0
393,2023-01-26,2023-02-14,1533,32,2,19,2023-01-26,0
394,2023-01-29,2023-03-22,1952,51,5,52,2023-03-08,0
395,2023-01-27,2023-02-06,1743,24,5,10,2023-01-30,1
396,2023-01-25,2023-04-06,2772,42,2,71,2023-03-17,0
397,2023-01-30,2023-03-14,930,30,3,43,2023-01-31,0
398,2023-01-24,2023-04-12,1263,26,7,78,2023-03-22,1
399,2023-01-23,2023-03-28,2651,41,3,64,2023-02-10,0
400,2023-01-24,2023-02-01,2085,40,6,8,2023-01-24,1
401,2023-01-27,2023-04-27,2113,48,7,90,2023-04-03,0
402,2023-01-30,2023-03-16,848,49,1,45,2023-02-22,1
403,2023-01-09,2023-03-06,2452,23,5,56,2023-01-26,1
404,2023-01-24,2023-02-15,1252,19,7,22,2023-02-08,1
405,2023-01-30,2023-02-01,1738,26,7,2,2023-01-30,0
406,2023-01-14,2023-03-05,1035,24,1,50,2023-03-04,1
407,2023-01-06,2023-03-16,1569,44,5,69,2023-03-09,1
408,2023-01-23,2023-04-07,1721,19,3,74,2023-03-17,1
409,2023-01-20,2023-04-03,1024,39,5,73,2023-01-28,1
410,2023-01-27,2023-02-01,2465,37,4,5,2023-01-28,0
411,2023-01-23,2023-03-16,2844,43,4,52,2023-03-06,1
412,2023-01-04,2023-02-19,2375,26,5,46,2023-01-22,0
413,2023-01-01,2023-01-16,993,57,6,15,2023-01-06,1
414,2023-01-10,2023-04-09,2646,26,3,89,2023-01-13,0
415,2023-01-18,2023-04-16,1648,57,5,88,2023-03-22,1
416,2023-01-04,2023-02-10,1608,36,5,37,2023-01-31,1
417,2023-01-02,2023-02-18,2537,57,3,47,2023-01-10,0
418,2023-01-29,2023-04-01,803,27,7,62,2023-03-21,1
419,2023-01-07,2023-02-10,2885,48,4,34,2023-01-11,0
420,2023-01-28,2023-04-25,1874,60,7,87,2023-03-13,0
421,2023-01-04,2023-02-18,2454,31,1,45,2023-01-07,0
422,2023-01-26,2023-02-15,1306,48,7,20,2023-02-13,0
423,2023-01-21,2023-01-29,2660,59,5,8,2023-01-25,0
424,2023-01-23,2023-03-09,2205,42,6,45,2023-02-26,1
425,2023-01-25,2023-04-19,2380,31,6,84,2023-03-08,0
426,2023-01-24,2023-03-19,1429,18,4,54,2023-03-06,1
427,2023-01-27,2023-04-10,996,23,5,73,2023-02-07,1
428,2023-01-13,2023-03-29,2895,22,6,75,2023-01-22,1
429,2023-01-29,2023-03-06,1217,47,5,36,2023-03-04,1
430,2023-01-24,2023-02-22,2559,25,7,29,2023-02-12,1
431,2023-01-08,2023-01-15,2548,23,0,7,2023-01-13,1
432,2023-01-25,2023-04-08,1934,31,2,73,2023-02-07,1
433,2023-01-02,2023-01-04,2924,20,4,2,2023-01-03,1
434,2023-01-14,2023-04-09,2483,25,4,85,2023-02-16,0
435,2023-02-01,2023-02-28,2561,59,3,27,2023-02-19,0
436,2023-01-06,2023-03-21,1676,30,7,74,2023-01-14,0
437,2023-01-11,2023-02-09,1959,21,7,29,2023-01-16,1
438,2023-01-29,2023-03-23,1972,19,6,53,2023-03-18,1
439,2023-01-25,2023-04-17,961,53,2,82,2023-04-11,0
440,2023-01-07,2023-01-10,2515,44,6,3,2023-01-07,1
441,2023-01-10,2023-03-22,2799,57,5,71,2023-01-16,1
442,2023-01-31,2023-03-05,1954,15,6,33,2023-02-11,1
443,2023-01-16,2023-03-05,2817,50,2,48,2023-01-24,0
444,2023-01-22,2023-04-10,1585,60,1,78,2023-01-26,0
445,2023-01-12,2023-03-03,1537,54,2,50,2023-02-20,0
446,2023-01-19,2023-03-19,2876,33,6,59,2023-02-10,1
447,2023-01-30,2023-03-18,1456,15,1,47,2023-03-18,0
448,2023-01-06,2023-02-02,2097,43,1,27,2023-01-20,0
449,2023-01-14,2023-03-19,1118,35,7,64,2023-02-07,0
450,2023-01-07,2023-03-09,1367,17,6,61,2023-02-20,1
451,2023-01-21,2023-03-10,2455,60,2,48,2023-02-09,0
452,2023-01-31,2023-04-18,1692,31,4,77,2023-03-22,1
453,2023-01-12,2023-03-04,2500,49,0,51,2023-01-14,0
454,2023-01-23,2023-04-06,2307,20,7,73,2023-03-06,0
455,2023-01-01,2023-01-23,2791,54,5,22,2023-01-07,1
456,2023-01-20,2023-02-22,2749,35,0,33,2023-01-22,0
457,2023-01-16,2023-02-23,2282,49,4,38,2023-01-20,0
458,2023-01-03,2023-02-16,1775,58,5,44,2023-01-25,0
459,2023-01-30,2023-04-10,1882,60,3,70,2023-02-02,1
460,2023-01-20,2023-03-01,2218,48,1,40,2023-02-15,0
461,2023-01-31,2023-04-16,2799,38,5,75,2023-03-26,1
462,2023-01-04,2023-03-04,1767,53,4,59,2023-01-06,0
463,2023-01-04,2023-02-26,2940,52,6,53,2023-02-09,0
464,2023-01-22,2023-02-27,871,44,5,36,2023-02-04,1
465,2023-01-13,2023-02-05,2256,38,6,23,2023-01-17,0
466,2023-01-27,2023-03-27,2375,37,7,59,2023-02-24,1
467,2023-01-29,2023-02-17,1698,42,0,19,2023-02-16,0
468,2023-01-04,2023-02-22,2836,52,2,49,2023-01-30,0
469,2023-01-30,2023-03-25,2625,29,2,54,2023-02-11,1
470,2023-01-30,2023-03-25,1920,33,0,54,2023-02-17,0
471,2023-01-07,2023-02-09,2032,59,5,33,2023-01-09,0
472,2023-01-08,2023-03-27,1664,53,6,78,2023-01-20,1
473,2023-01-24,2023-02-24,810,56,3,31,2023-01-31,0
474,2023-01-15,2023-04-08,1562,28,3,83,2023-01-17,0
475,2023-01-16,2023-01-30,1745,40,0,14,2023-01-21,0
476,2023-01-15,2023-04-06,1627,46,1,81,2023-02-15,0
477,2023-01-08,2023-03-06,2817,39,1,57,2023-03-05,0
478,2023-01-19,2023-04-14,1367,47,4,85,2023-03-18,1
479,2023-01-12,2023-03-31,2095,21,7,78,2023-01-17,0
480,2023-01-12,2023-01-22,1535,51,4,10,2023-01-20,0
481,2023-01-30,2023-02-05,1625,36,7,6,2023-01-31,1
482,2023-01-09,2023-02-16,1234,60,4,38,2023-01-26,0
483,2023-01-16,2023-03-17,1634,20,5,60,2023-02-19,1
484,2023-01-28,2023-03-25,846,32,6,56,2023-03-05,0
485,2023-01-10,2023-02-16,1147,25,1,37,2023-01-29,1
486,2023-01-11,2023-02-06,2844,51,2,26,2023-02-04,0
487,2023-01-03,2023-01-17,2199,58,5,14,2023-01-17,1
488,2023-01-13,2023-04-08,2272,53,6,85,2023-03-30,0
489,2023-01-06,2023-03-09,1416,19,0,62,2023-01-20,1
490,2023-01-01,2023-03-17,1547,39,2,75,2023-03-13,0
491,2023-01-11,2023-03-05,2638,34,4,53,2023-01-27,1
492,2023-01-18,2023-03-04,1140,32,0,45,2023-01-24,0
493,2023-02-01,2023-04-30,1497,31,7,88,2023-03-04,0
494,2023-01-02,2023-03-01,2074,25,2,58,2023-01-30,0
495,2023-01-21,2023-02-20,2562,46,5,30,2023-02-17,1
496,2023-01-29,2023-03-29,2904,32,5,59,2023-02-26,0
497,2023-01-19,2023-01-21,850,46,5,2,2023-01-21,1
498,2023-01-11,2023-02-04,1000,46,2,24,2023-01-22,1
499,2023-01-23,2023-04-11,2238,33,4,78,2023-03-07,1
500,2023-01-20,2023-03-08,2216,53,5,47,2023-02-12,1
501,2023-01-08,2023-03-14,2788,33,1,65,2023-02-06,1
502,2023-01-17,2023-03-15,2634,51,0,57,2023-02-28,0
503,2023-02-01,2023-04-15,2600,37,7,73,2023-02-20,1
504,2023-01-10,2023-03-01,2038,16,7,50,2023-02-08,1
505,2023-01-13,2023-02-20,2014,56,4,38,2023-01-29,0
506,2023-01-28,2023-02-21,2210,21,0,24,2023-02-15,1
507,2023-01-19,2023-03-23,1728,45,2,63,2023-02-18,1
508,2023-01-09,2023-02-23,2699,19,2,45,2023-01-24,1
509,2023-01-10,2023-01-12,1487,50,3,2,2023-01-10,1
510,2023-01-30,2023-04-18,1343,33,7,78,2023-04-12,1
511,2023-01-03,2023-04-01,1894,16,0,88,2023-03-22,1
512,2023-01-15,2023-03-05,2798,48,2,49,2023-03-02,0
513,2023-01-28,2023-03-22,1639,49,4,53,2023-02-26,1
514,2023-01-13,2023-03-28,1224,52,4,74,2023-01-18,1
515,2023-01-23,2023-03-26,2418,37,7,62,2023-03-17,0
516,2023-01-07,2023-03-30,1489,59,4,82,2023-02-01,0
517,2023-01-15,2023-02-24,2895,24,5,40,2023-02-20,1
518,2023-01-20,2023-03-18,819,37,0,57,2023-03-08,1
519,2023-01-08,2023-03-01,1803,53,6,52,2023-02-27,1
520,2023-01-15,2023-04-03,1624,18,6,78,2023-03-18,0
521,2023-01-23,2023-04-16,2168,29,1,83,2023-02-11,0
522,2023-01-16,2023-03-31,802,16,3,74,2023-03-27,1
523,2023-01-06,2023-02-05,1699,42,2,30,2023-01-13,0
524,2023-01-26,2023-02-17,2407,23,4,22,2023-02-01,1
525,2023-01-20,2023-02-21,2020,34,2,32,2023-02-19,0
526,2023-01-04,2023-03-16,2950,45,2,71,2023-02-09,0
527,2023-01-24,2023-02-02,1664,20,5,9,2023-01-30,1
528,2023-01-19,2023-02-22,1223,38,5,34,2023-02-08,1
529,2023-01-17,2023-03-07,1574,30,0,49,2023-02-04,1
530,2023-01-17,2023-03-25,2212,35,7,67,2023-02-23,1
531,2023-01-17,2023-02-19,830,53,0,33,2023-02-01,0
532,2023-01-28,2023-03-09,1287,31,4,40,2023-01-30,1
533,2023-01-03,2023-03-10,2776,25,7,66,2023-02-15,0
534,2023-01-22,2023-03-06,1923,55,5,43,2023-02-23,0
535,2023-01-03,2023-02-18,2846,44,0,46,2023-01-27,0
536,2023-01-24,2023-04-06,2886,51,6,72,2023-02-16,1
537,2023-01-12,2023-01-29,1696,35,4,17,2023-01-29,0
538,2023-01-30,2023-03-02,2051,51,3,31,2023-02-17,0
539,2023-01-14,2023-02-12,944,43,5,29,2023-02-06,1
540,2023-01-20,2023-04-05,2828,45,6,75,2023-02-20,1
541,2023-01-29,2023-04-29,1727,55,0,90,2023-03-21,0
542,2023-01-27,2023-04-06,2591,46,5,69,2023-03-25,1
543,2023-01-14,2023-03-12,1226,29,6,57,2023-02-14,0
544,2023-01-20,2023-04-20,880,35,4,90,2023-03-12,1
545,2023-01-26,2023-04-06,2045,50,4,70,2023-02-02,0
546,2023-01-27,2023-04-02,1759,44,7,65,2023-02-28,0
547,2023-01-23,2023-02-28,2294,41,7,36,2023-02-25,0
548,2023-01-18,2023-03-10,2294,51,3,51,2023-01-27,0
549,2023-01-13,2023-04-08,1249,52,3,85,2023-03-04,0
550,2023-01-01,2023-03-28,1806,15,0,86,2023-02-24,0
551,2023-01-12,2023-03-11,2387,50,7,58,2023-02-14,0
552,2023-01-14,2023-02-27,1629,49,0,44,2023-01-28,0
553,2023-01-02,2023-01-24,2064,31,3,22,2023-01-10,1
554,2023-01-19,2023-02-18,2641,29,2,30,2023-02-01,0
555,2023-01-01,2023-01-09,1310,49,1,8,2023-01-08,1
556,2023-01-30,2023-03-06,860,47,6,35,2023-03-02,0
557,2023-01-04,2023-03-06,2484,17,5,61,2023-02-18,1
558,2023-01-12,2023-03-11,1870,53,1,58,2023-02-13,0
559,2023-01-26,2023-02-18,1744,18,1,23,2023-02-05,1
560,2023-01-08,2023-02-23,1858,33,0,46,2023-01-27,0
561,2023-01-02,2023-03-29,1325,39,4,86,2023-03-28,0
562,2023-01-11,2023-03-30,1771,17,0,78,2023-03-08,0
563,2023-01-28,2023-02-13,1435,56,7,16,2023-02-05,0
564,2023-01-14,2023-02-22,806,57,2,39,2023-02-13,1
565,2023-01-01,2023-02-21,2646,59,1,51,2023-01-07,1
566,2023-01-26,2023-04-07,1472,27,3,71,2023-01-30,1
567,2023-01-29,2023-03-06,1885,51,1,36,2023-02-26,0
568,2023-01-11,2023-03-08,2691,25,6,56,2023-02-02,0
569,2023-01-20,2023-02-15,2618,57,6,26,2023-01-27,1
570,2023-01-12,2023-03-14,1095,15,4,61,2023-01-13,0
571,2023-01-29,2023-02-07,1423,40,4,9,2023-02-05,1
572,2023-01-11,2023-03-27,1045,25,0,75,2023-03-16,0
573,2023-01-21,2023-03-10,2089,15,1,48,2023-02-09,0
574,2023-01-03,2023-01-08,995,51,7,5,2023-01-04,1
575,2023-01-11,2023-02-06,2548,40,4,26,2023-01-28,0
576,2023-01-08,2023-03-04,1096,57,3,55,2023-02-19,0
577,2023-01-20,2023-02-08,2077,19,2,19,2023-02-05,1
578,2023-01-19,2023-04-14,2994,34,7,85,2023-03-11,0
579,2023-01-03,2023-02-24,2127,20,2,52,2023-01-04,1
580,2023-01-07,2023-03-25,994,31,7,77,2023-02-19,0
581,2023-01-15,2023-02-19,1481,53,2,35,2023-01-31,0
582,2023-01-09,2023-04-03,1109,41,1,84,2023-01-22,0
583,2023-01-24,2023-03-04,2386,38,4,39,2023-02-04,0
584,2023-01-02,2023-03-02,1859,48,0,59,2023-01-07,1
585,2023-01-25,2023-04-22,2145,20,5,87,2023-03-11,1
586,2023-01-15,2023-04-14,2773,21,6,89,2023-03-02,1
587,2023-01-24,2023-03-31,2723,40,5,66,2023-01-27,1
588,2023-01-09,2023-01-25,2113,46,0,16,2023-01-13,0
589,2023-01-30,2023-04-30,1452,15,5,90,2023-04-21,1
590,2023-01-03,2023-03-16,2433,36,6,72,2023-02-21,1
591,2023-01-22,2023-04-08,2346,52,7,76,2023-03-22,1
592,2023-01-22,2023-03-11,1015,40,1,48,2023-02-13,0
593,2023-01-10,2023-01-16,2175,34,1,6,2023-01-13,0
594,2023-01-16,2023-03-26,1137,58,2,69,2023-02-10,0
595,2023-01-29,2023-03-08,1098,29,7,38,2023-02-04,0
596,2023-01-04,2023-01-17,1874,16,5,13,2023-01-07,1
597,2023-02-01,2023-04-18,1354,51,5,76,2023-03-14,1
598,2023-01-22,2023-01-31,2253,16,7,9,2023-01-28,1
599,2023-01-14,2023-02-25,2856,51,5,42,2023-01-17,1
600,2023-01-01,2023-03-18,2488,24,4,76,2023-01-12,1
601,2023-01-03,2023-03-18,2992,30,0,74,2023-01-11,1
602,2023-01-03,2023-02-18,2592,49,3,46,2023-01-25,1
603,2023-01-30,2023-02-05,2444,45,5,6,2023-01-30,0
604,2023-01-03,2023-02-08,1253,27,1,36,2023-01-07,0
605,2023-01-19,2023-04-12,1750,56,4,83,2023-03-05,0
606,2023-01-13,2023-02-05,2413,31,1,23,2023-01-24,0
607,2023-01-19,2023-03-03,2215,22,5,43,2023-01-31,1
608,2023-01-13,2023-02-12,1883,49,6,30,2023-01-18,1
609,2023-01-21,2023-04-07,1926,39,6,76,2023-03-06,0
610,2023-01-02,2023-03-01,1969,56,7,58,2023-02-15,1
611,2023-01-20,2023-02-08,1634,20,4,19,2023-01-25,0
612,2023-01-27,2023-02-19,1245,17,3,23,2023-02-08,1
613,2023-01-12,2023-03-01,2576,37,4,48,2023-02-24,1
614,2023-01-10,2023-01-26,1157,37,1,16,2023-01-26,0
615,2023-01-15,2023-02-09,1806,49,6,25,2023-01-24,0
616,2023-01-02,2023-01-17,843,47,2,15,2023-01-05,1
617,2023-01-03,2023-02-23,1687,53,7,51,2023-02-10,0
618,2023-01-07,2023-03-24,1282,50,3,76,2023-02-25,0
619,2023-01-03,2023-03-09,1115,59,7,65,2023-02-14,1
620,2023-01-23,2023-02-20,1457,27,2,28,2023-01-27,0
621,2023-01-12,2023-01-14,2350,43,0,2,2023-01-13,1
622,2023-01-17,2023-01-24,1107,59,6,7,2023-01-17,1
623,2023-01-15,2023-01-28,1177,21,6,13,2023-01-20,1
624,2023-01-03,2023-03-14,1837,50,7,70,2023-02-06,1
625,2023-01-29,2023-01-30,1991,29,7,1,2023-01-30,1
626,2023-01-05,2023-01-15,2830,38,5,10,2023-01-15,0
627,2023-01-13,2023-03-31,2901,27,6,77,2023-02-03,1
628,2023-01-13,2023-01-18,1306,27,0,5,2023-01-14,0
629,2023-01-03,2023-02-21,1307,35,0,49,2023-02-09,0
630,2023-01-06,2023-02-02,1866,47,6,27,2023-01-07,1
631,2023-01-23,2023-04-14,1725,54,5,81,2023-01-25,0
632,2023-01-09,2023-02-13,2499,33,4,35,2023-01-19,0
633,2023-01-23,2023-03-04,1798,23,0,40,2023-02-25,1
634,2023-01-27,2023-03-04,1040,29,2,36,2023-02-06,1
635,2023-01-20,2023-02-04,830,23,6,15,2023-02-03,1
636,2023-01-03,2023-02-11,2460,49,2,39,2023-01-11,0
637,2023-01-12,2023-04-05,1443,31,7,83,2023-01-18,0
638,2023-01-07,2023-03-13,1152,55,6,65,2023-03-10,1
639,2023-01-06,2023-02-01,2477,60,7,26,2023-01-23,0
640,2023-01-31,2023-04-25,863,39,7,84,2023-04-14,1
641,2023-01-10,2023-03-26,2184,52,0,75,2023-01-30,0
642,2023-01-02,2023-03-01,1010,37,4,58,2023-02-12,0
643,2023-01-06,2023-03-04,2471,24,3,57,2023-01-28,0
644,2023-02-01,2023-03-29,1473,38,2,56,2023-02-15,1
645,2023-01-16,2023-04-05,1682,23,1,79,2023-03-06,1
646,2023-01-15,2023-03-08,1957,49,7,52,2023-02-20,0
647,2023-01-31,2023-05-01,2641,50,5,90,2023-03-23,0
648,2023-01-10,2023-04-06,2544,24,7,86,2023-03-27,0
649,2023-01-13,2023-03-25,2903,39,6,71,2023-01-16,1
650,2023-01-05,2023-03-19,2013,36,3,73,2023-02-20,1
651,2023-02-01,2023-03-31,1355,49,7,58,2023-02-21,0
652,2023-01-27,2023-04-26,2103,59,4,89,2023-03-31,0
653,2023-01-31,2023-02-02,2630,44,4,2,2023-02-02,0
654,2023-01-12,2023-04-05,1222,53,7,83,2023-02-05,0
655,2023-01-12,2023-01-31,2739,54,6,19,2023-01-14,0
656,2023-01-02,2023-03-18,1747,23,1,75,2023-03-12,1
657,2023-01-25,2023-02-04,966,31,4,10,2023-01-30,0
658,2023-01-03,2023-02-17,2860,42,2,45,2023-02-09,1
659,2023-01-28,2023-02-21,843,26,1,24,2023-02-02,1
660,2023-01-01,2023-03-28,1660,28,0,86,2023-01-20,0
661,2023-02-01,2023-02-06,1994,54,7,5,2023-02-01,0
662,2023-01-07,2023-03-04,1831,55,4,56,2023-01-18,0
663,2023-01-03,2023-02-22,916,24,5,50,2023-01-20,1
664,2023-01-10,2023-01-18,1795,37,1,8,2023-01-12,0
665,2023-01-21,2023-02-13,2189,43,6,23,2023-01-25,1
666,2023-01-15,2023-04-05,1830,38,2,80,2023-04-01,0
667,2023-01-01,2023-02-09,1615,58,2,39,2023-01-11,0
668,2023-01-01,2023-01-26,1306,22,0,25,2023-01-06,1
669,2023-01-02,2023-04-01,1128,45,6,89,2023-03-05,1
670,2023-01-04,2023-01-21,1256,31,3,17,2023-01-19,0
671,2023-01-11,2023-03-02,2571,45,4,50,2023-02-28,1
672,2023-01-28,2023-01-30,1107,24,1,2,2023-01-28,1
673,2023-01-31,2023-04-15,2223,53,4,74,2023-02-19,0
674,2023-01-20,2023-04-15,2778,34,3,85,2023-04-06,0
675,2023-01-14,2023-02-02,1351,57,5,19,2023-01-29,1
676,2023-01-28,2023-04-05,2494,23,4,67,2023-03-31,1
677,2023-01-02,2023-03-01,1462,16,5,58,2023-02-07,1
678,2023-01-07,2023-04-02,1495,33,2,85,2023-01-18,0
679,2023-01-04,2023-03-24,1797,22,2,79,2023-01-11,1
680,2023-01-18,2023-03-12,1704,34,2,53,2023-02-24,0
681,2023-01-01,2023-01-27,2066,25,6,26,2023-01-10,0
682,2023-01-14,2023-01-26,2540,16,4,12,2023-01-15,1
683,2023-01-28,2023-01-29,1981,41,3,1,2023-01-28,1
684,2023-01-02,2023-02-20,1266,49,2,49,2023-02-20,0
685,2023-01-28,2023-03-28,1453,38,6,59,2023-02-05,0
686,2023-01-27,2023-03-25,2305,33,1,57,2023-03-03,0
687,2023-01-12,2023-02-07,919,46,0,26,2023-02-03,1
688,2023-01-29,2023-02-19,2158,18,7,21,2023-01-29,1
689,2023-01-01,2023-03-13,1626,22,0,71,2023-02-01,1
690,2023-01-06,2023-04-02,2529,27,6,86,2023-03-02,1
691,2023-01-23,2023-04-19,2211,46,2,86,2023-04-12,0
692,2023-01-25,2023-02-18,1538,19,6,24,2023-02-18,1
693,2023-01-11,2023-02-06,2513,44,1,26,2023-01-21,0
694,2023-01-08,2023-01-23,2128,59,0,15,2023-01-12,1
695,2023-01-02,2023-03-17,2722,27,2,74,2023-01-23,0
696,2023-01-08,2023-03-31,1863,39,0,82,2023-02-08,1
697,2023-01-28,2023-03-19,2195,33,0,50,2023-02-16,0
698,2023-01-26,2023-04-18,2791,41,2,82,2023-03-04,1
699,2023-01-20,2023-03-27,2119,38,0,66,2023-02-14,1
700,2023-01-12,2023-03-18,2751,26,7,65,2023-02-26,0
701,2023-01-02,2023-01-06,1747,21,1,4,2023-01-06,1
702,2023-01-31,2023-02-20,2462,59,5,20,2023-02-14,0
703,2023-01-30,2023-02-13,1300,28,7,14,2023-02-05,1
704,2023-01-02,2023-03-19,2735,46,5,76,2023-01-20,1
705,2023-01-14,2023-04-05,2282,25,6,81,2023-02-25,0
706,2023-01-20,2023-01-28,2168,22,5,8,2023-01-23,1
707,2023-01-17,2023-04-06,1465,59,3,79,2023-04-04,1
708,2023-01-04,2023-01-11,1574,32,4,7,2023-01-05,0
709,2023-01-17,2023-01-29,2149,54,1,12,2023-01-20,0
710,2023-01-22,2023-02-12,2015,52,1,21,2023-02-12,1
711,2023-01-15,2023-02-18,1869,43,0,34,2023-01-18,0
712,2023-01-15,2023-01-21,2598,44,6,6,2023-01-19,1
713,2023-01-09,2023-02-17,2766,37,2,39,2023-01-25,0
714,2023-01-10,2023-02-06,2194,35,4,27,2023-01-21,0
715,2023-01-16,2023-04-15,1195,16,3,89,2023-02-19,1
716,2023-01-23,2023-04-08,2493,49,0,75,2023-03-11,1
717,2023-01-13,2023-03-16,1163,16,0,62,2023-01-21,0
718,2023-01-16,2023-02-20,1491,34,5,35,2023-01-28,1
719,2023-01-05,2023-01-16,2631,21,7,11,2023-01-15,1
720,2023-01-02,2023-03-21,2739,27,2,78,2023-01-20,0
721,2023-01-15,2023-02-10,2488,23,6,26,2023-01-16,0
722,2023-01-15,2023-02-27,1888,43,7,43,2023-02-27,1
723,2023-01-22,2023-01-30,1533,33,7,8,2023-01-27,0
724,2023-01-05,2023-03-24,1091,22,6,78,2023-02-08,1
725,2023-01-25,2023-03-22,1568,22,5,56,2023-02-04,1
726,2023-01-25,2023-02-01,2031,60,7,7,2023-01-25,0
727,2023-01-21,2023-02-01,2336,58,0,11,2023-01-21,1
728,2023-01-08,2023-02-08,2197,38,7,31,2023-01-13,1
729,2023-01-18,2023-02-02,1718,25,1,15,2023-01-19,0
730,2023-01-11,2023-03-31,1247,19,5,79,2023-02-07,1
731,2023-01-06,2023-02-11,1620,17,5,36,2023-02-03,1
732,2023-01-30,2023-02-26,1381,26,3,27,2023-02-22,0
733,2023-01-03,2023-03-19,2495,49,5,75,2023-03-08,0
734,2023-01-31,2023-03-01,1832,52,4,29,2023-02-22,0
735,2023-01-02,2023-01-12,2199,15,1,10,2023-01-03,0
736,2023-01-20,2023-03-04,1543,43,1,43,2023-01-26,0
737,2023-01-21,2023-03-08,2436,24,2,46,2023-02-01,1
738,2023-01-08,2023-02-15,2690,57,3,38,2023-01-22,0
739,2023-01-06,2023-01-08,1561,17,1,2,2023-01-07,0
740,2023-01-09,2023-01-29,2479,47,1,20,2023-01-18,0
741,2023-01-30,2023-04-14,2952,26,1,74,2023-03-30,0
742,2023-01-14,2023-04-03,2738,41,3,79,2023-03-02,0
743,2023-01-02,2023-01-26,2464,40,3,24,2023-01-22,1
744,2023-01-03,2023-04-02,2805,57,2,89,2023-02-26,0
745,2023-01-04,2023-02-15,2600,20,5,42,2023-02-15,0
746,2023-01-16,2023-04-10,1158,25,7,84,2023-02-16,1
747,2023-01-14,2023-03-31,1929,60,2,76,2023-03-05,0
748,2023-01-07,2023-02-04,1853,18,5,28,2023-01-08,0
749,2023-01-01,2023-03-02,1346,32,0,60,2023-01-10,0
750,2023-01-16,2023-01-20,2520,25,5,4,2023-01-17,1
751,2023-01-28,2023-03-23,1507,56,5,54,2023-01-30,0
752,2023-01-04,2023-03-26,1411,18,5,81,2023-03-14,1
753,2023-01-15,2023-02-22,1840,37,1,38,2023-01-29,0
754,2023-01-02,2023-03-18,2634,42,1,75,2023-01-10,0
755,2023-01-05,2023-01-26,2437,38,1,21,2023-01-06,0
756,2023-01-14,2023-01-14,2862,23,2,0,2023-01-14,1
757,2023-01-16,2023-02-18,2938,17,7,33,2023-02-15,1
758,2023-01-16,2023-01-31,2396,42,3,15,2023-01-29,0
759,2023-01-11,2023-04-04,2647,41,5,83,2023-03-09,1
760,2023-01-24,2023-03-17,2082,50,5,52,2023-02-26,0
761,2023-01-21,2023-03-30,1272,38,1,68,2023-03-13,0
762,2023-01-30,2023-02-18,1813,38,1,19,2023-02-17,0
763,2023-01-27,2023-04-03,2467,20,6,66,2023-02-13,1
764,2023-01-28,2023-01-31,2097,33,1,3,2023-01-31,0
765,2023-01-21,2023-02-22,853,43,4,32,2023-01-31,0
766,2023-01-09,2023-04-01,2880,34,7,82,2023-03-23,0
767,2023-01-04,2023-03-19,940,24,0,74,2023-01-14,1
768,2023-01-01,2023-01-31,1119,20,6,30,2023-01-30,1
769,2023-01-25,2023-04-03,2828,36,3,68,2023-04-02,0
770,2023-01-11,2023-01-13,2318,26,4,2,2023-01-12,0
771,2023-01-03,2023-02-16,1652,45,4,44,2023-01-27,1
772,2023-01-22,2023-03-23,2817,35,0,60,2023-01-30,1
773,2023-01-21,2023-04-13,2766,52,7,82,2023-03-18,1
774,2023-01-16,2023-03-18,1191,33,6,61,2023-03-02,0
775,2023-01-08,2023-03-10,1780,37,7,61,2023-02-13,0
776,2023-01-20,2023-03-11,2754,51,6,50,2023-02-24,0
777,2023-01-30,2023-02-16,2632,15,2,17,2023-02-01,0
778,2023-01-15,2023-03-30,1906,26,1,74,2023-01-24,0
779,2023-01-09,2023-03-22,2042,60,2,72,2023-03-10,0
780,2023-01-03,2023-02-28,1723,50,6,56,2023-01-03,0
781,2023-01-14,2023-03-19,1792,41,0,64,2023-01-17,0
782,2023-01-02,2023-03-01,1780,35,4,58,2023-02-26,0
783,2023-01-28,2023-04-14,1016,43,5,76,2023-03-18,0
784,2023-01-20,2023-04-12,1057,30,1,82,2023-03-03,1
785,2023-01-13,2023-03-04,2747,22,4,50,2023-01-27,1
786,2023-01-11,2023-02-16,1455,31,2,36,2023-02-14,1
787,2023-01-10,2023-01-30,1697,16,1,20,2023-01-28,1
788,2023-01-02,2023-01-04,2477,17,0,2,2023-01-04,0
789,2023-01-07,2023-01-08,1268,35,2,1,2023-01-07,0
790,2023-01-12,2023-01-25,2100,56,1,13,2023-01-23,1
791,2023-01-22,2023-02-18,1052,51,2,27,2023-02-04,1
792,2023-01-24,2023-04-22,1261,25,5,88,2023-02-07,1
793,2023-01-22,2023-03-15,2422,52,4,52,2023-02-19,0
794,2023-01-25,2023-04-07,2940,38,3,72,2023-02-13,0
795,2023-01-14,2023-03-08,2324,56,2,53,2023-02-20,0
796,2023-01-17,2023-02-15,1623,52,5,29,2023-02-15,0
797,2023-01-24,2023-01-29,2994,21,6,5,2023-01-28,1
798,2023-01-14,2023-03-15,1762,54,1,60,2023-03-01,0
799,2023-01-24,2023-04-24,2363,60,6,90,2023-01-27,1
800,2023-01-20,2023-02-08,980,57,1,19,2023-02-06,1
801,2023-01-10,2023-04-07,1615,39,1,87,2023-04-05,0
802,2023-01-22,2023-03-03,1023,46,6,40,2023-02-25,1
803,2023-01-11,2023-03-24,1031,31,0,72,2023-03-01,0
804,2023-01-01,2023-03-18,2024,21,0,76,2023-03-12,0
805,2023-01-25,2023-03-30,1498,58,0,64,2023-03-05,0
806,2023-01-22,2023-02-25,1910,53,2,34,2023-02-12,1
807,2023-01-18,2023-04-15,1448,42,7,87,2023-02-28,1
808,2023-01-14,2023-01-16,2727,17,7,2,2023-01-14,1
809,2023-01-09,2023-04-05,888,18,7,86,2023-03-08,1
810,2023-01-31,2023-04-04,1840,36,3,63,2023-03-23,0
811,2023-01-12,2023-01-26,2393,49,2,14,2023-01-15,1
812,2023-01-14,2023-02-10,2303,22,4,27,2023-02-09,1
813,2023-01-21,2023-03-15,2680,49,1,53,2023-01-31,0
814,2023-01-03,2023-01-21,1532,57,3,18,2023-01-19,1
815,2023-01-08,2023-01-17,1216,46,2,9,2023-01-17,1
816,2023-01-30,2023-04-18,2620,20,4,78,2023-01-31,1
817,2023-01-30,2023-03-12,1662,34,1,41,2023-01-31,0
818,2023-01-02,2023-01-22,1709,19,2,20,2023-01-20,1
819,2023-01-03,2023-03-03,822,49,2,59,2023-02-14,1
820,2023-01-12,2023-02-08,2461,49,5,27,2023-02-03,0
821,2023-01-28,2023-04-01,1532,59,6,63,2023-03-30,1
822,2023-01-09,2023-02-03,2505,47,3,25,2023-01-24,0
823,2023-01-08,2023-02-24,2709,15,1,47,2023-01-17,1
824,2023-01-15,2023-02-22,1395,19,7,38,2023-01-25,1
825,2023-01-19,2023-03-21,2906,57,4,61,2023-03-19,0
826,2023-01-09,2023-02-24,2176,18,2,46,2023-02-20,1
827,2023-01-31,2023-03-24,2760,39,3,52,2023-03-01,0
828,2023-01-14,2023-03-24,1160,46,7,69,2023-01-20,1
829,2023-01-30,2023-02-15,838,43,7,16,2023-02-14,1
830,2023-01-19,2023-01-28,1760,27,7,9,2023-01-27,1
831,2023-01-01,2023-02-01,2544,53,0,31,2023-01-11,1
832,2023-01-20,2023-04-18,3000,37,3,88,2023-02-06,0
833,2023-01-23,2023-02-08,2353,58,0,16,2023-01-29,0
834,2023-01-30,2023-04-17,1353,60,3,77,2023-02-26,0
835,2023-01-24,2023-03-05,2040,38,4,40,2023-02-18,0
836,2023-01-03,2023-02-12,1269,54,1,40,2023-01-16,0
837,2023-01-23,2023-02-08,2553,27,7,16,2023-01-23,0
838,2023-01-27,2023-03-17,987,18,7,49,2023-02-27,1
839,2023-01-16,2023-04-09,2654,26,0,83,2023-01-25,0
840,2023-01-16,2023-01-23,1201,29,1,7,2023-01-16,1
841,2023-01-21,2023-04-01,2621,25,7,70,2023-03-05,0
842,2023-01-11,2023-03-03,1217,58,3,51,2023-02-10,0
843,2023-01-20,2023-03-30,1529,44,1,69,2023-03-17,0
844,2023-01-29,2023-02-27,2633,21,0,29,2023-01-31,0
845,2023-01-31,2023-03-06,1542,56,4,34,2023-02-14,0
846,2023-01-01,2023-01-30,1570,39,1,29,2023-01-05,0
847,2023-01-25,2023-02-20,2178,44,6,26,2023-01-31,0
848,2023-01-22,2023-02-28,1145,22,5,37,2023-02-17,1
849,2023-01-29,2023-03-02,1749,16,4,32,2023-02-13,0
850,2023-01-09,2023-03-06,2345,52,4,56,2023-01-19,1
851,2023-01-01,2023-01-19,1465,32,2,18,2023-01-13,0
852,2023-01-23,2023-02-05,2632,33,2,13,2023-01-30,1
853,2023-01-01,2023-03-25,2950,19,5,83,2023-02-03,0
854,2023-01-23,2023-02-15,2470,48,7,23,2023-02-06,0
855,2023-01-10,2023-03-15,2087,41,7,64,2023-01-10,1
856,2023-01-20,2023-01-30,2980,39,2,10,2023-01-30,1
857,2023-01-08,2023-03-26,2262,43,5,77,2023-02-06,0
858,2023-01-01,2023-01-30,2625,58,4,29,2023-01-24,0
859,2023-01-25,2023-01-29,2442,40,6,4,2023-01-26,1
860,2023-01-03,2023-01-27,919,38,5,24,2023-01-15,1
861,2023-01-13,2023-03-22,846,55,3,68,2023-02-22,0
862,2023-01-23,2023-03-16,2253,59,4,52,2023-02-11,0
863,2023-01-01,2023-03-30,2539,20,0,88,2023-01-29,1
864,2023-01-03,2023-02-08,2951,16,0,36,2023-01-21,1
865,2023-01-07,2023-04-07,841,51,5,90,2023-01-21,1
866,2023-01-10,2023-04-06,1586,21,7,86,2023-02-20,1
867,2023-02-01,2023-03-15,2634,31,2,42,2023-03-11,0
868,2023-01-26,2023-02-09,1543,49,4,14,2023-02-05,0
869,2023-01-13,2023-03-31,1795,35,1,77,2023-02-27,0
870,2023-01-28,2023-02-03,2521,41,3,6,2023-01-29,0
871,2023-01-27,2023-03-27,2014,36,2,59,2023-02-05,0
872,2023-01-17,2023-03-01,2665,43,6,43,2023-01-17,0
873,2023-01-17,2023-01-27,2145,56,0,10,2023-01-17,1
874,2023-01-06,2023-02-04,971,15,4,29,2023-01-21,1
875,2023-01-12,2023-01-14,2062,29,5,2,2023-01-12,1
876,2023-01-10,2023-02-28,1105,55,0,49,2023-02-01,1
877,2023-01-03,2023-03-09,1469,52,6,65,2023-02-10,0
878,2023-01-05,2023-01-21,1887,33,4,16,2023-01-09,1
879,2023-01-14,2023-01-16,1362,29,6,2,2023-01-16,1
880,2023-01-31,2023-04-02,2578,39,3,61,2023-03-17,1
881,2023-01-23,2023-03-30,2435,17,4,66,2023-03-10,1
882,2023-01-15,2023-03-27,1468,47,4,71,2023-01-15,1
883,2023-01-26,2023-02-24,1182,36,6,29,2023-02-08,0
884,2023-01-28,2023-04-25,1086,22,7,87,2023-03-27,0
885,2023-01-30,2023-03-18,2499,57,3,47,2023-03-12,0
886,2023-01-26,2023-04-17,2610,51,0,81,2023-02-11,0
887,2023-01-12,2023-04-10,848,38,4,88,2023-01-20,1
888,2023-01-21,2023-03-14,1576,16,5,52,2023-01-28,0
889,2023-01-04,2023-01-18,2030,24,0,14,2023-01-04,1
890,2023-01-31,2023-02-10,2069,16,2,10,2023-02-03,1
891,2023-01-14,2023-01-27,2236,19,3,13,2023-01-15,1
892,2023-01-29,2023-04-04,2906,39,5,65,2023-04-02,0
893,2023-01-11,2023-03-14,1095,28,2,62,2023-03-02,0
894,2023-01-28,2023-04-07,2083,35,6,69,2023-02-07,0
895,2023-01-13,2023-01-20,1171,34,2,7,2023-01-18,0
896,2023-01-16,2023-01-21,2303,55,0,5,2023-01-21,0
897,2023-01-02,2023-02-07,2612,29,2,36,2023-01-22,0
898,2023-02-01,2023-03-19,1190,50,0,46,2023-02-07,0
899,2023-01-03,2023-01-17,1051,51,3,14,2023-01-03,0
900,2023-01-03,2023-02-11,2399,47,3,39,2023-01-17,1
901,2023-01-08,2023-01-23,1719,57,6,15,2023-01-13,0
902,2023-01-30,2023-03-10,1734,40,2,39,2023-02-03,1
903,2023-01-15,2023-01-21,2731,20,0,6,2023-01-18,0
904,2023-01-18,2023-02-05,1102,20,5,18,2023-01-29,1
905,2023-01-05,2023-01-25,1794,59,0,20,2023-01-06,0
906,2023-01-21,2023-04-05,1759,49,4,74,2023-02-20,1
907,2023-01-08,2023-04-06,2297,23,4,88,2023-02-08,1
908,2023-01-14,2023-03-11,964,54,2,56,2023-02-25,1
909,2023-01-04,2023-02-20,1303,51,4,47,2023-01-19,1
910,2023-01-17,2023-03-08,1218,35,5,50,2023-03-06,0
911,2023-01-03,2023-03-08,1394,26,5,64,2023-01-20,0
912,2023-01-18,2023-03-10,1804,56,4,51,2023-03-10,1
913,2023-01-19,2023-03-02,1268,44,2,42,2023-02-05,0
914,2023-01-16,2023-02-18,2781,15,5,33,2023-02-04,0
915,2023-01-25,2023-04-24,1124,54,3,89,2023-03-06,0
916,2023-01-10,2023-01-29,2006,22,5,19,2023-01-14,1
917,2023-01-07,2023-01-26,1044,46,0,19,2023-01-14,0
918,2023-01-28,2023-04-14,974,30,5,76,2023-02-21,1
919,2023-01-18,2023-02-26,1266,54,4,39,2023-02-15,0
920,2023-01-23,2023-04-20,1297,47,7,87,2023-03-31,0
921,2023-01-03,2023-01-22,1088,26,2,19,2023-01-03,1
922,2023-01-01,2023-02-05,2549,22,7,35,2023-02-02,1
923,2023-02-01,2023-05-02,1449,57,2,90,2023-05-01,1
924,2023-01-22,2023-02-05,2400,56,2,14,2023-02-03,0
925,2023-01-28,2023-03-06,1046,46,2,37,2023-02-17,0
926,2023-02-01,2023-03-09,2733,44,3,36,2023-02-22,1
927,2023-01-02,2023-01-19,1864,22,4,17,2023-01-13,0
928,2023-01-26,2023-01-29,2073,21,6,3,2023-01-26,1
929,2023-01-19,2023-02-19,2628,51,6,31,2023-01-30,0
930,2023-01-12,2023-03-09,2318,21,2,56,2023-01-22,1
931,2023-01-01,2023-03-30,1562,52,2,88,2023-01-21,1
932,2023-02-01,2023-04-17,2218,60,6,75,2023-03-03,1
933,2023-01-20,2023-02-15,1177,22,5,26,2023-02-07,1
934,2023-01-06,2023-01-09,860,45,7,3,2023-01-06,0
935,2023-01-15,2023-01-20,1637,56,7,5,2023-01-15,1
936,2023-01-13,2023-03-14,2149,55,0,60,2023-03-04,0
937,2023-01-20,2023-02-18,1578,23,6,29,2023-02-10,1
938,2023-01-25,2023-03-29,1508,36,6,63,2023-02-26,1
939,2023-01-03,2023-03-07,1119,37,6,63,2023-01-22,0
940,2023-01-13,2023-03-09,1284,23,0,55,2023-02-19,1
941,2023-01-21,2023-03-05,1580,16,5,43,2023-01-27,0
942,2023-01-26,2023-02-12,1570,29,5,17,2023-01-29,1
943,2023-01-26,2023-04-26,1481,48,6,90,2023-04-13,0
944,2023-01-17,2023-02-21,1243,51,0,35,2023-02-04,0
945,2023-01-31,2023-03-24,1286,16,7,52,2023-03-03,1
946,2023-01-03,2023-01-15,2607,57,7,12,2023-01-12,1
947,2023-01-21,2023-02-17,2363,38,6,27,2023-01-26,1
948,2023-02-01,2023-02-21,892,26,0,20,2023-02-07,0
949,2023-01-04,2023-02-03,1379,48,1,30,2023-01-23,0
950,2023-01-27,2023-03-17,1905,31,0,49,2023-02-12,1
951,2023-01-14,2023-02-11,1141,54,7,28,2023-01-25,0
952,2023-01-20,2023-03-04,1126,48,3,43,2023-02-03,1
953,2023-01-08,2023-01-10,2504,39,4,2,2023-01-10,0
954,2023-01-20,2023-04-04,2254,35,4,74,2023-03-23,0
955,2023-01-21,2023-04-20,1116,44,1,89,2023-04-01,1
956,2023-01-06,2023-01-30,2924,17,2,24,2023-01-22,0
957,2023-01-18,2023-03-06,1483,50,0,47,2023-01-27,0
958,2023-01-15,2023-03-09,1720,32,4,53,2023-02-21,0
959,2023-01-27,2023-04-26,2792,32,2,89,2023-03-18,0
960,2023-01-08,2023-01-16,825,40,4,8,2023-01-09,1
961,2023-01-24,2023-01-30,2575,20,1,6,2023-01-30,0
962,2023-01-06,2023-03-18,1244,48,7,71,2023-03-09,1
963,2023-01-27,2023-04-19,814,55,3,82,2023-03-16,0
964,2023-01-12,2023-02-22,883,42,2,41,2023-02-08,1
965,2023-01-23,2023-01-31,1361,59,2,8,2023-01-25,1
966,2023-01-04,2023-01-05,1555,27,7,1,2023-01-04,0
967,2023-01-19,2023-03-24,1318,45,6,64,2023-01-22,1
968,2023-01-11,2023-04-01,878,50,2,80,2023-02-16,0
969,2023-01-02,2023-01-04,2811,49,7,2,2023-01-02,1
970,2023-01-09,2023-02-13,1043,17,7,35,2023-01-10,0
971,2023-01-17,2023-02-02,1401,53,4,16,2023-02-01,0
972,2023-01-18,2023-02-20,2809,58,2,33,2023-02-19,0
973,2023-01-19,2023-04-09,810,52,1,80,2023-02-05,0
974,2023-01-07,2023-03-14,1128,15,3,66,2023-01-16,1
975,2023-01-30,2023-02-01,1285,21,3,2,2023-02-01,0
976,2023-01-04,2023-03-04,1543,18,0,59,2023-03-03,1
977,2023-01-26,2023-04-02,2834,50,2,66,2023-03-08,1
978,2023-01-19,2023-03-10,1258,59,2,50,2023-02-27,0
979,2023-01-07,2023-02-02,1826,46,7,26,2023-01-12,1
980,2023-01-14,2023-02-19,2401,28,0,36,2023-01-14,1
981,2023-01-03,2023-03-24,2825,60,3,80,2023-01-22,0
982,2023-01-24,2023-03-19,2534,41,2,54,2023-01-27,0
983,2023-01-24,2023-03-24,1561,37,7,59,2023-03-05,1
984,2023-01-03,2023-01-26,2178,40,5,23,2023-01-09,1
985,2023-02-01,2023-03-10,1810,22,5,37,2023-02-27,0
986,2023-01-15,2023-03-29,2762,37,7,73,2023-03-12,1
987,2023-01-09,2023-02-26,2828,38,4,48,2023-02-18,0
988,2023-01-03,2023-03-14,854,24,7,70,2023-02-08,1
989,2023-01-17,2023-04-08,861,55,0,81,2023-02-16,0
990,2023-01-28,2023-04-03,972,20,3,65,2023-03-29,1
991,2023-01-19,2023-03-26,2692,58,7,66,2023-02-09,1
992,2023-01-07,2023-02-01,2089,49,4,25,2023-01-21,1
993,2023-01-01,2023-01-26,2036,18,5,25,2023-01-02,1
994,2023-01-10,2023-01-20,1300,16,6,10,2023-01-18,1
995,2023-01-31,2023-02-28,1273,26,4,28,2023-02-11,0
996,2023-01-11,2023-04-05,2776,54,7,84,2023-01-18,0
997,2023-01-04,2023-01-24,1161,36,5,20,2023-01-14,0
998,2023-01-26,2023-04-11,1688,52,3,75,2023-03-30,0
999,2023-01-22,2023-04-09,2268,23,1,77,2023-01-26,1
1000,2023-01-02,2023-01-03,995,48,6,1,2023-01-03,1
